year,state,region,state_code,bank_type,population_million,deposits_crore,credit_crore,priority_sector_credit_crore,gdp_proxy_crore,expected_credit_crore
2017,Maharashtra,West,IN-MH,Public Sector Banks,124.9,562.61,439.41,170.82,276.9,468.32
2017,Maharashtra,West,IN-MH,Private Sector Banks,124.9,659.01,522.99,157.04,276.9,548.56
2017,Maharashtra,West,IN-MH,Regional Rural Banks,124.9,81.58,63.62,26.42,276.9,67.91
2018,Maharashtra,West,IN-MH,Public Sector Banks,124.9,587.45,499.03,202.2,297.67,488.99
2018,Maharashtra,West,IN-MH,Private Sector Banks,124.9,776.83,648.34,206.23,297.67,646.63
2018,Maharashtra,West,IN-MH,Regional Rural Banks,124.9,84.98,68.07,26.47,297.67,70.74
2019,Maharashtra,West,IN-MH,Public Sector Banks,124.9,677.32,575.04,220.56,320.0,563.8
2019,Maharashtra,West,IN-MH,Private Sector Banks,124.9,841.3,727.04,228.14,320.0,700.29
2019,Maharashtra,West,IN-MH,Regional Rural Banks,124.9,98.71,81.92,33.4,320.0,82.17
2020,Maharashtra,West,IN-MH,Public Sector Banks,124.9,717.59,618.84,259.85,344.0,597.32
2020,Maharashtra,West,IN-MH,Private Sector Banks,124.9,875.99,757.9,238.44,344.0,729.18
2020,Maharashtra,West,IN-MH,Regional Rural Banks,124.9,108.12,89.22,36.67,344.0,90.0
2021,Maharashtra,West,IN-MH,Public Sector Banks,124.9,800.8,721.84,302.3,369.8,666.59
2021,Maharashtra,West,IN-MH,Private Sector Banks,124.9,1007.98,886.0,250.42,369.8,839.04
2021,Maharashtra,West,IN-MH,Regional Rural Banks,124.9,109.93,98.92,41.44,369.8,91.51
2022,Maharashtra,West,IN-MH,Public Sector Banks,124.9,880.87,756.58,312.49,397.53,733.23
2022,Maharashtra,West,IN-MH,Private Sector Banks,124.9,1084.45,941.48,284.3,397.53,902.7
2022,Maharashtra,West,IN-MH,Regional Rural Banks,124.9,126.19,108.81,42.03,397.53,105.04
2023,Maharashtra,West,IN-MH,Public Sector Banks,124.9,943.87,876.15,366.21,427.35,785.68
2023,Maharashtra,West,IN-MH,Private Sector Banks,124.9,1205.29,1084.91,340.91,427.35,1003.28
2023,Maharashtra,West,IN-MH,Regional Rural Banks,124.9,141.03,128.78,54.63,427.35,117.39
2024,Maharashtra,West,IN-MH,Public Sector Banks,124.9,1056.11,962.98,374.53,459.4,879.1
2024,Maharashtra,West,IN-MH,Private Sector Banks,124.9,1372.34,1288.27,416.69,459.4,1142.33
2024,Maharashtra,West,IN-MH,Regional Rural Banks,124.9,145.58,132.34,56.15,459.4,121.18
2017,Tamil Nadu,South,IN-TN,Public Sector Banks,76.8,325.38,254.84,97.54,163.78,263.24
2017,Tamil Nadu,South,IN-TN,Private Sector Banks,76.8,403.88,310.66,98.68,163.78,326.74
2017,Tamil Nadu,South,IN-TN,Regional Rural Banks,76.8,45.16,33.61,14.1,163.78,36.53
2018,Tamil Nadu,South,IN-TN,Public Sector Banks,76.8,368.49,281.82,115.77,176.06,298.11
2018,Tamil Nadu,South,IN-TN,Private Sector Banks,76.8,422.33,329.96,107.21,176.06,341.66
2018,Tamil Nadu,South,IN-TN,Regional Rural Banks,76.8,52.39,40.63,15.56,176.06,42.38
2019,Tamil Nadu,South,IN-TN,Public Sector Banks,76.8,399.59,314.06,128.19,189.26,323.27
2019,Tamil Nadu,South,IN-TN,Private Sector Banks,76.8,485.59,394.86,112.6,189.26,392.84
2019,Tamil Nadu,South,IN-TN,Regional Rural Banks,76.8,55.13,43.25,16.23,189.26,44.6
2020,Tamil Nadu,South,IN-TN,Public Sector Banks,76.8,406.98,320.04,134.15,203.46,329.24
2020,Tamil Nadu,South,IN-TN,Private Sector Banks,76.8,517.97,435.06,136.96,203.46,419.04
2020,Tamil Nadu,South,IN-TN,Regional Rural Banks,76.8,62.9,50.82,20.63,203.46,50.89
2021,Tamil Nadu,South,IN-TN,Public Sector Banks,76.8,446.47,376.99,147.63,218.72,361.2
2021,Tamil Nadu,South,IN-TN,Private Sector Banks,76.8,557.08,475.3,151.11,218.72,450.68
2021,Tamil Nadu,South,IN-TN,Regional Rural Banks,76.8,63.78,51.6,20.2,218.72,51.59
2022,Tamil Nadu,South,IN-TN,Public Sector Banks,76.8,512.51,447.19,170.28,235.12,414.62
2022,Tamil Nadu,South,IN-TN,Private Sector Banks,76.8,645.43,536.92,163.93,235.12,522.15
2022,Tamil Nadu,South,IN-TN,Regional Rural Banks,76.8,75.76,64.13,26.36,235.12,61.29
2023,Tamil Nadu,South,IN-TN,Public Sector Banks,76.8,550.31,485.17,199.4,252.76,445.2
2023,Tamil Nadu,South,IN-TN,Private Sector Banks,76.8,687.95,610.64,188.61,252.76,556.55
2023,Tamil Nadu,South,IN-TN,Regional Rural Banks,76.8,79.45,68.66,27.99,252.76,64.27
2024,Tamil Nadu,South,IN-TN,Public Sector Banks,76.8,594.95,503.93,201.96,271.71,481.31
2024,Tamil Nadu,South,IN-TN,Private Sector Banks,76.8,738.6,622.71,178.87,271.71,597.53
2024,Tamil Nadu,South,IN-TN,Regional Rural Banks,76.8,89.12,77.86,30.15,271.71,72.1
2017,Karnataka,South,IN-KA,Public Sector Banks,68.3,283.15,228.97,91.79,146.98,230.59
2017,Karnataka,South,IN-KA,Private Sector Banks,68.3,376.82,295.84,95.41,146.98,306.88
2017,Karnataka,South,IN-KA,Regional Rural Banks,68.3,43.14,34.29,13.67,146.98,35.13
2018,Karnataka,South,IN-KA,Public Sector Banks,68.3,313.1,239.97,93.42,158.01,254.99
2018,Karnataka,South,IN-KA,Private Sector Banks,68.3,402.94,308.48,91.12,158.01,328.16
2018,Karnataka,South,IN-KA,Regional Rural Banks,68.3,46.45,37.95,15.69,158.01,37.83
2019,Karnataka,South,IN-KA,Public Sector Banks,68.3,347.62,286.78,115.37,169.86,283.1
2019,Karnataka,South,IN-KA,Private Sector Banks,68.3,440.48,353.57,100.15,169.86,358.73
2019,Karnataka,South,IN-KA,Regional Rural Banks,68.3,47.9,39.19,14.96,169.86,39.01
2020,Karnataka,South,IN-KA,Public Sector Banks,68.3,379.55,318.93,132.86,182.59,309.11
2020,Karnataka,South,IN-KA,Private Sector Banks,68.3,481.45,405.47,124.72,182.59,392.09
2020,Karnataka,South,IN-KA,Regional Rural Banks,68.3,55.65,46.08,17.78,182.59,45.32
2021,Karnataka,South,IN-KA,Public Sector Banks,68.3,432.49,375.88,142.99,196.29,352.22
2021,Karnataka,South,IN-KA,Private Sector Banks,68.3,500.81,426.33,130.61,196.29,407.86
2021,Karnataka,South,IN-KA,Regional Rural Banks,68.3,61.59,51.05,20.24,196.29,50.16
2022,Karnataka,South,IN-KA,Public Sector Banks,68.3,479.76,413.89,172.36,211.01,390.71
2022,Karnataka,South,IN-KA,Private Sector Banks,68.3,572.39,488.15,144.87,211.01,466.16
2022,Karnataka,South,IN-KA,Regional Rural Banks,68.3,64.31,54.77,22.21,211.01,52.37
2023,Karnataka,South,IN-KA,Public Sector Banks,68.3,497.66,444.72,182.36,226.84,405.3
2023,Karnataka,South,IN-KA,Private Sector Banks,68.3,639.54,563.62,173.2,226.84,520.84
2023,Karnataka,South,IN-KA,Regional Rural Banks,68.3,72.65,63.0,25.3,226.84,59.17
2024,Karnataka,South,IN-KA,Public Sector Banks,68.3,534.45,461.73,175.91,243.85,435.26
2024,Karnataka,South,IN-KA,Private Sector Banks,68.3,714.21,632.43,182.87,243.85,581.65
2024,Karnataka,South,IN-KA,Regional Rural Banks,68.3,77.44,70.84,28.52,243.85,63.07
2017,Gujarat,West,IN-GJ,Public Sector Banks,70.4,355.53,263.81,101.36,146.92,283.14
2017,Gujarat,West,IN-GJ,Private Sector Banks,70.4,263.54,188.93,53.37,146.92,209.89
2017,Gujarat,West,IN-GJ,Regional Rural Banks,70.4,70.34,51.22,20.54,146.92,56.02
2018,Gujarat,West,IN-GJ,Public Sector Banks,70.4,394.13,306.05,129.27,157.94,313.89
2018,Gujarat,West,IN-GJ,Private Sector Banks,70.4,272.52,206.48,62.91,157.94,217.03
2018,Gujarat,West,IN-GJ,Regional Rural Banks,70.4,77.91,60.74,24.67,157.94,62.05
2019,Gujarat,West,IN-GJ,Public Sector Banks,70.4,439.8,328.99,126.1,169.79,350.26
2019,Gujarat,West,IN-GJ,Private Sector Banks,70.4,317.84,255.76,76.73,169.79,253.13
2019,Gujarat,West,IN-GJ,Regional Rural Banks,70.4,79.17,63.8,26.59,169.79,63.05
2020,Gujarat,West,IN-GJ,Public Sector Banks,70.4,478.55,377.57,153.89,182.52,381.11
2020,Gujarat,West,IN-GJ,Private Sector Banks,70.4,337.21,263.04,81.15,182.52,268.55
2020,Gujarat,West,IN-GJ,Regional Rural Banks,70.4,90.37,71.21,27.82,182.52,71.97
2021,Gujarat,West,IN-GJ,Public Sector Banks,70.4,514.11,411.42,158.14,196.21,409.44
2021,Gujarat,West,IN-GJ,Private Sector Banks,70.4,388.6,311.61,96.57,196.21,309.48
2021,Gujarat,West,IN-GJ,Regional Rural Banks,70.4,98.95,77.13,32.75,196.21,78.81
2022,Gujarat,West,IN-GJ,Public Sector Banks,70.4,561.16,452.39,188.53,210.93,446.91
2022,Gujarat,West,IN-GJ,Private Sector Banks,70.4,423.67,357.82,103.34,210.93,337.41
2022,Gujarat,West,IN-GJ,Regional Rural Banks,70.4,105.88,87.52,37.19,210.93,84.33
2023,Gujarat,West,IN-GJ,Public Sector Banks,70.4,611.41,504.0,193.75,226.75,486.93
2023,Gujarat,West,IN-GJ,Private Sector Banks,70.4,456.84,391.12,115.11,226.75,363.83
2023,Gujarat,West,IN-GJ,Regional Rural Banks,70.4,119.0,102.34,42.85,226.75,94.78
2024,Gujarat,West,IN-GJ,Public Sector Banks,70.4,651.26,552.87,234.12,243.76,518.66
2024,Gujarat,West,IN-GJ,Private Sector Banks,70.4,485.84,407.62,126.74,243.76,386.93
2024,Gujarat,West,IN-GJ,Regional Rural Banks,70.4,135.0,117.04,46.43,243.76,107.51
2017,Uttar Pradesh,North,IN-UP,Public Sector Banks,241.0,1037.29,704.68,274.59,462.24,777.55
2017,Uttar Pradesh,North,IN-UP,Private Sector Banks,241.0,760.35,520.24,159.19,462.24,569.96
2017,Uttar Pradesh,North,IN-UP,Regional Rural Banks,241.0,198.8,135.16,56.78,462.24,149.02
2018,Uttar Pradesh,North,IN-UP,Public Sector Banks,241.0,1172.94,772.8,322.46,496.91,879.23
2018,Uttar Pradesh,North,IN-UP,Private Sector Banks,241.0,901.07,596.32,193.15,496.91,675.44
2018,Uttar Pradesh,North,IN-UP,Regional Rural Banks,241.0,229.27,154.73,65.02,496.91,171.86
2019,Uttar Pradesh,North,IN-UP,Public Sector Banks,241.0,1310.36,923.1,376.59,534.17,982.25
2019,Uttar Pradesh,North,IN-UP,Private Sector Banks,241.0,949.28,669.44,187.11,534.17,711.58
2019,Uttar Pradesh,North,IN-UP,Regional Rural Banks,241.0,248.73,178.33,74.28,534.17,186.45
2020,Uttar Pradesh,North,IN-UP,Public Sector Banks,241.0,1360.2,1000.0,382.04,574.24,1019.61
2020,Uttar Pradesh,North,IN-UP,Private Sector Banks,241.0,1017.1,736.37,203.01,574.24,762.41
2020,Uttar Pradesh,North,IN-UP,Regional Rural Banks,241.0,281.59,191.38,74.01,574.24,211.08
2021,Uttar Pradesh,North,IN-UP,Public Sector Banks,241.0,1583.26,1182.23,461.2,617.3,1186.81
2021,Uttar Pradesh,North,IN-UP,Private Sector Banks,241.0,1163.38,810.2,241.18,617.3,872.07
2021,Uttar Pradesh,North,IN-UP,Regional Rural Banks,241.0,293.64,203.79,81.41,617.3,220.11
2022,Uttar Pradesh,North,IN-UP,Public Sector Banks,241.0,1733.99,1229.5,503.21,663.6,1299.8
2022,Uttar Pradesh,North,IN-UP,Private Sector Banks,241.0,1266.33,927.15,285.69,663.6,949.24
2022,Uttar Pradesh,North,IN-UP,Regional Rural Banks,241.0,325.04,229.82,94.98,663.6,243.65
2023,Uttar Pradesh,North,IN-UP,Public Sector Banks,241.0,1753.72,1356.32,518.43,713.37,1314.59
2023,Uttar Pradesh,North,IN-UP,Private Sector Banks,241.0,1376.11,1008.78,293.75,713.37,1031.53
2023,Uttar Pradesh,North,IN-UP,Regional Rural Banks,241.0,361.76,271.67,103.36,713.37,271.17
2024,Uttar Pradesh,North,IN-UP,Public Sector Banks,241.0,1997.13,1588.24,600.42,766.88,1497.05
2024,Uttar Pradesh,North,IN-UP,Private Sector Banks,241.0,1409.95,1088.68,302.96,766.88,1056.9
2024,Uttar Pradesh,North,IN-UP,Regional Rural Banks,241.0,383.91,296.36,112.61,766.88,287.78
2017,West Bengal,East,IN-WB,Public Sector Banks,99.6,458.13,266.75,104.55,194.92,348.37
2017,West Bengal,East,IN-WB,Private Sector Banks,99.6,325.79,204.4,56.9,194.92,247.73
2017,West Bengal,East,IN-WB,Regional Rural Banks,99.6,89.17,53.85,21.08,194.92,67.81
2018,West Bengal,East,IN-WB,Public Sector Banks,99.6,523.92,325.58,127.82,209.54,398.39
2018,West Bengal,East,IN-WB,Private Sector Banks,99.6,363.1,229.46,69.69,209.54,276.1
2018,West Bengal,East,IN-WB,Regional Rural Banks,99.6,92.6,59.52,24.79,209.54,70.41
2019,West Bengal,East,IN-WB,Public Sector Banks,99.6,567.69,360.04,142.23,225.25,431.67
2019,West Bengal,East,IN-WB,Private Sector Banks,99.6,395.83,245.99,76.52,225.25,300.99
2019,West Bengal,East,IN-WB,Regional Rural Banks,99.6,107.32,66.01,26.94,225.25,81.6
2020,West Bengal,East,IN-WB,Public Sector Banks,99.6,588.83,386.57,154.37,242.15,447.75
2020,West Bengal,East,IN-WB,Private Sector Banks,99.6,427.47,265.6,76.43,242.15,325.05
2020,West Bengal,East,IN-WB,Regional Rural Banks,99.6,115.48,76.98,31.97,242.15,87.81
2021,West Bengal,East,IN-WB,Public Sector Banks,99.6,660.66,439.12,180.25,260.31,502.37
2021,West Bengal,East,IN-WB,Private Sector Banks,99.6,493.8,339.33,94.81,260.31,375.48
2021,West Bengal,East,IN-WB,Regional Rural Banks,99.6,124.38,80.73,30.95,260.31,94.58
2022,West Bengal,East,IN-WB,Public Sector Banks,99.6,737.59,512.9,198.4,279.83,560.86
2022,West Bengal,East,IN-WB,Private Sector Banks,99.6,536.84,362.11,113.24,279.83,408.22
2022,West Bengal,East,IN-WB,Regional Rural Banks,99.6,142.4,97.29,37.22,279.83,108.28
2023,West Bengal,East,IN-WB,Public Sector Banks,99.6,770.35,529.06,199.9,300.82,585.77
2023,West Bengal,East,IN-WB,Private Sector Banks,99.6,570.76,395.78,124.51,300.82,434.01
2023,West Bengal,East,IN-WB,Regional Rural Banks,99.6,145.99,96.56,36.71,300.82,111.01
2024,West Bengal,East,IN-WB,Public Sector Banks,99.6,851.61,596.94,239.46,323.38,647.56
2024,West Bengal,East,IN-WB,Private Sector Banks,99.6,642.02,458.71,127.66,323.38,488.2
2024,West Bengal,East,IN-WB,Regional Rural Banks,99.6,170.19,118.13,47.74,323.38,129.42
2017,Rajasthan,North,IN-RJ,Public Sector Banks,81.0,372.05,237.3,93.46,153.78,276.88
2017,Rajasthan,North,IN-RJ,Private Sector Banks,81.0,262.24,173.0,51.24,153.78,195.16
2017,Rajasthan,North,IN-RJ,Regional Rural Banks,81.0,67.16,42.09,15.94,153.78,49.98
2018,Rajasthan,North,IN-RJ,Public Sector Banks,81.0,385.2,262.9,100.31,165.31,286.66
2018,Rajasthan,North,IN-RJ,Private Sector Banks,81.0,284.07,187.32,57.85,165.31,211.41
2018,Rajasthan,North,IN-RJ,Regional Rural Banks,81.0,73.89,50.64,20.18,165.31,54.99
2019,Rajasthan,North,IN-RJ,Public Sector Banks,81.0,422.32,288.02,121.92,177.71,314.29
2019,Rajasthan,North,IN-RJ,Private Sector Banks,81.0,313.44,205.11,65.08,177.71,233.26
2019,Rajasthan,North,IN-RJ,Regional Rural Banks,81.0,81.62,57.89,22.35,177.71,60.74
2020,Rajasthan,North,IN-RJ,Public Sector Banks,81.0,486.7,334.4,125.87,191.04,362.2
2020,Rajasthan,North,IN-RJ,Private Sector Banks,81.0,350.64,248.24,69.99,191.04,260.95
2020,Rajasthan,North,IN-RJ,Regional Rural Banks,81.0,90.02,63.91,25.65,191.04,66.99
2021,Rajasthan,North,IN-RJ,Public Sector Banks,81.0,506.94,347.21,145.92,205.37,377.26
2021,Rajasthan,North,IN-RJ,Private Sector Banks,81.0,375.71,260.49,77.06,205.37,279.6
2021,Rajasthan,North,IN-RJ,Regional Rural Banks,81.0,102.14,72.9,28.76,205.37,76.02
2022,Rajasthan,North,IN-RJ,Public Sector Banks,81.0,547.94,405.66,164.87,220.77,407.78
2022,Rajasthan,North,IN-RJ,Private Sector Banks,81.0,394.25,293.06,87.4,220.77,293.4
2022,Rajasthan,North,IN-RJ,Regional Rural Banks,81.0,104.88,72.95,28.08,220.77,78.05
2023,Rajasthan,North,IN-RJ,Public Sector Banks,81.0,620.49,446.83,175.54,237.33,461.77
2023,Rajasthan,North,IN-RJ,Private Sector Banks,81.0,453.04,346.96,102.12,237.33,337.15
2023,Rajasthan,North,IN-RJ,Regional Rural Banks,81.0,119.05,84.86,34.38,237.33,88.6
2024,Rajasthan,North,IN-RJ,Public Sector Banks,81.0,668.57,501.7,205.44,255.13,497.55
2024,Rajasthan,North,IN-RJ,Private Sector Banks,81.0,504.94,396.03,110.39,255.13,375.77
2024,Rajasthan,North,IN-RJ,Regional Rural Banks,81.0,128.63,99.49,37.48,255.13,95.73
2017,Telangana,South,IN-TG,Public Sector Banks,39.4,167.33,132.45,52.13,83.51,134.76
2017,Telangana,South,IN-TG,Private Sector Banks,39.4,196.84,153.09,45.92,83.51,158.53
2017,Telangana,South,IN-TG,Regional Rural Banks,39.4,23.07,18.22,7.28,83.51,18.58
2018,Telangana,South,IN-TG,Public Sector Banks,39.4,183.32,146.63,57.33,89.77,147.65
2018,Telangana,South,IN-TG,Private Sector Banks,39.4,231.87,182.33,57.38,89.77,186.75
2018,Telangana,South,IN-TG,Regional Rural Banks,39.4,25.89,19.91,8.27,89.77,20.85
2019,Telangana,South,IN-TG,Public Sector Banks,39.4,198.03,160.38,66.74,96.5,159.49
2019,Telangana,South,IN-TG,Private Sector Banks,39.4,252.89,205.0,62.93,96.5,203.68
2019,Telangana,South,IN-TG,Regional Rural Banks,39.4,27.35,21.07,8.24,96.5,22.03
2020,Telangana,South,IN-TG,Public Sector Banks,39.4,219.02,177.56,67.7,103.74,176.4
2020,Telangana,South,IN-TG,Private Sector Banks,39.4,271.73,223.29,68.16,103.74,218.85
2020,Telangana,South,IN-TG,Regional Rural Banks,39.4,31.13,25.44,10.51,103.74,25.07
2021,Telangana,South,IN-TG,Public Sector Banks,39.4,236.66,199.32,81.57,111.52,190.61
2021,Telangana,South,IN-TG,Private Sector Banks,39.4,296.26,240.03,74.63,111.52,238.61
2021,Telangana,South,IN-TG,Regional Rural Banks,39.4,33.31,27.32,10.61,111.52,26.83
2022,Telangana,South,IN-TG,Public Sector Banks,39.4,268.1,218.58,85.55,119.89,215.93
2022,Telangana,South,IN-TG,Private Sector Banks,39.4,315.91,254.75,82.1,119.89,254.43
2022,Telangana,South,IN-TG,Regional Rural Banks,39.4,38.36,32.5,12.95,119.89,30.89
2023,Telangana,South,IN-TG,Public Sector Banks,39.4,280.94,237.66,95.9,128.88,226.27
2023,Telangana,South,IN-TG,Private Sector Banks,39.4,367.47,317.54,89.21,128.88,295.96
2023,Telangana,South,IN-TG,Regional Rural Banks,39.4,39.53,33.72,13.49,128.88,31.83
2024,Telangana,South,IN-TG,Public Sector Banks,39.4,311.88,267.04,108.33,138.54,251.19
2024,Telangana,South,IN-TG,Private Sector Banks,39.4,386.72,340.69,98.8,138.54,311.47
2024,Telangana,South,IN-TG,Regional Rural Banks,39.4,45.39,39.93,15.03,138.54,36.56
2017,Kerala,South,IN-KL,Public Sector Banks,35.9,179.94,127.99,52.02,73.99,142.01
2017,Kerala,South,IN-KL,Private Sector Banks,35.9,125.96,88.35,25.68,73.99,99.41
2017,Kerala,South,IN-KL,Regional Rural Banks,35.9,35.07,24.7,9.43,73.99,27.68
2018,Kerala,South,IN-KL,Public Sector Banks,35.9,202.68,149.47,58.7,79.54,159.96
2018,Kerala,South,IN-KL,Private Sector Banks,35.9,139.6,104.91,30.03,79.54,110.17
2018,Kerala,South,IN-KL,Regional Rural Banks,35.9,37.08,28.77,11.93,79.54,29.26
2019,Kerala,South,IN-KL,Public Sector Banks,35.9,222.63,174.21,67.86,85.5,175.7
2019,Kerala,South,IN-KL,Private Sector Banks,35.9,152.16,116.43,37.45,85.5,120.08
2019,Kerala,South,IN-KL,Regional Rural Banks,35.9,41.25,31.83,12.02,85.5,32.56
2020,Kerala,South,IN-KL,Public Sector Banks,35.9,243.11,187.6,79.12,91.92,191.86
2020,Kerala,South,IN-KL,Private Sector Banks,35.9,177.33,133.18,40.45,91.92,139.95
2020,Kerala,South,IN-KL,Regional Rural Banks,35.9,43.71,35.19,14.95,91.92,34.5
2021,Kerala,South,IN-KL,Public Sector Banks,35.9,244.96,195.26,74.27,98.81,193.32
2021,Kerala,South,IN-KL,Private Sector Banks,35.9,193.12,152.69,43.46,98.81,152.41
2021,Kerala,South,IN-KL,Regional Rural Banks,35.9,50.56,40.3,16.64,98.81,39.9
2022,Kerala,South,IN-KL,Public Sector Banks,35.9,284.65,224.08,85.61,106.22,224.65
2022,Kerala,South,IN-KL,Private Sector Banks,35.9,201.27,165.49,45.6,106.22,158.85
2022,Kerala,South,IN-KL,Regional Rural Banks,35.9,53.94,44.95,18.44,106.22,42.57
2023,Kerala,South,IN-KL,Public Sector Banks,35.9,296.8,237.49,97.94,114.19,234.24
2023,Kerala,South,IN-KL,Private Sector Banks,35.9,218.6,176.25,55.12,114.19,172.52
2023,Kerala,South,IN-KL,Regional Rural Banks,35.9,56.7,46.82,18.74,114.19,44.75
2024,Kerala,South,IN-KL,Public Sector Banks,35.9,338.34,274.43,109.92,122.75,267.02
2024,Kerala,South,IN-KL,Private Sector Banks,35.9,252.17,214.9,63.35,122.75,199.01
2024,Kerala,South,IN-KL,Regional Rural Banks,35.9,67.44,58.4,22.1,122.75,53.23
2017,Madhya Pradesh,Central,IN-MP,Public Sector Banks,87.0,383.68,212.99,90.44,163.47,283.46
2017,Madhya Pradesh,Central,IN-MP,Private Sector Banks,87.0,277.74,158.39,46.31,163.47,205.19
2017,Madhya Pradesh,Central,IN-MP,Regional Rural Banks,87.0,69.72,38.15,15.59,163.47,51.51
2018,Madhya Pradesh,Central,IN-MP,Public Sector Banks,87.0,429.62,253.44,96.47,175.73,317.4
2018,Madhya Pradesh,Central,IN-MP,Private Sector Banks,87.0,291.32,158.76,48.41,175.73,215.23
2018,Madhya Pradesh,Central,IN-MP,Regional Rural Banks,87.0,82.09,44.86,17.95,175.73,60.65
2019,Madhya Pradesh,Central,IN-MP,Public Sector Banks,87.0,444.05,256.4,97.99,188.91,328.06
2019,Madhya Pradesh,Central,IN-MP,Private Sector Banks,87.0,341.95,204.65,60.65,188.91,252.63
2019,Madhya Pradesh,Central,IN-MP,Regional Rural Banks,87.0,86.14,48.88,19.25,188.91,63.64
2020,Madhya Pradesh,Central,IN-MP,Public Sector Banks,87.0,510.93,311.34,131.82,203.08,377.48
2020,Madhya Pradesh,Central,IN-MP,Private Sector Banks,87.0,371.19,214.85,66.87,203.08,274.24
2020,Madhya Pradesh,Central,IN-MP,Regional Rural Banks,87.0,96.96,60.1,24.22,203.08,71.63
2021,Madhya Pradesh,Central,IN-MP,Public Sector Banks,87.0,560.01,333.45,141.71,218.31,413.74
2021,Madhya Pradesh,Central,IN-MP,Private Sector Banks,87.0,402.67,246.65,74.41,218.31,297.5
2021,Madhya Pradesh,Central,IN-MP,Regional Rural Banks,87.0,103.13,66.25,27.87,218.31,76.19
2022,Madhya Pradesh,Central,IN-MP,Public Sector Banks,87.0,609.87,390.59,154.63,234.69,450.57
2022,Madhya Pradesh,Central,IN-MP,Private Sector Banks,87.0,436.08,270.16,85.39,234.69,322.17
2022,Madhya Pradesh,Central,IN-MP,Regional Rural Banks,87.0,115.12,73.05,30.74,234.69,85.05
2023,Madhya Pradesh,Central,IN-MP,Public Sector Banks,87.0,650.44,434.16,171.76,252.29,480.55
2023,Madhya Pradesh,Central,IN-MP,Private Sector Banks,87.0,473.21,312.86,95.68,252.29,349.61
2023,Madhya Pradesh,Central,IN-MP,Regional Rural Banks,87.0,120.74,82.27,30.92,252.29,89.2
2024,Madhya Pradesh,Central,IN-MP,Public Sector Banks,87.0,677.49,437.17,175.45,271.21,500.53
2024,Madhya Pradesh,Central,IN-MP,Private Sector Banks,87.0,533.6,345.5,106.83,271.21,394.23
2024,Madhya Pradesh,Central,IN-MP,Regional Rural Banks,87.0,135.15,86.02,32.3,271.21,99.85
2017,Bihar,East,IN-BR,Public Sector Banks,128.5,497.86,255.22,96.25,228.92,354.38
2017,Bihar,East,IN-BR,Private Sector Banks,128.5,391.89,210.35,63.77,228.92,278.95
2017,Bihar,East,IN-BR,Regional Rural Banks,128.5,101.24,51.04,19.34,228.92,72.06
2018,Bihar,East,IN-BR,Public Sector Banks,128.5,576.02,289.39,122.82,246.09,410.01
2018,Bihar,East,IN-BR,Private Sector Banks,128.5,405.64,220.38,71.13,246.09,288.74
2018,Bihar,East,IN-BR,Regional Rural Banks,128.5,106.9,59.27,23.51,246.09,76.09
2019,Bihar,East,IN-BR,Public Sector Banks,128.5,590.89,306.27,125.75,264.55,420.59
2019,Bihar,East,IN-BR,Private Sector Banks,128.5,442.97,232.93,65.6,264.55,315.3
2019,Bihar,East,IN-BR,Regional Rural Banks,128.5,113.75,62.24,24.35,264.55,80.97
2020,Bihar,East,IN-BR,Public Sector Banks,128.5,697.83,391.12,149.99,284.39,496.71
2020,Bihar,East,IN-BR,Private Sector Banks,128.5,485.56,269.37,75.11,284.39,345.62
2020,Bihar,East,IN-BR,Regional Rural Banks,128.5,126.44,73.96,28.96,284.39,90.0
2021,Bihar,East,IN-BR,Public Sector Banks,128.5,760.45,416.08,162.7,305.72,541.29
2021,Bihar,East,IN-BR,Private Sector Banks,128.5,542.38,309.27,93.96,305.72,386.07
2021,Bihar,East,IN-BR,Regional Rural Banks,128.5,141.44,81.15,33.2,305.72,100.68
2022,Bihar,East,IN-BR,Public Sector Banks,128.5,808.92,490.64,203.51,328.65,575.79
2022,Bihar,East,IN-BR,Private Sector Banks,128.5,596.14,332.71,107.98,328.65,424.34
2022,Bihar,East,IN-BR,Regional Rural Banks,128.5,156.9,90.48,37.98,328.65,111.68
2023,Bihar,East,IN-BR,Public Sector Banks,128.5,878.25,501.64,212.78,353.3,625.14
2023,Bihar,East,IN-BR,Private Sector Banks,128.5,619.77,372.79,112.19,353.3,441.15
2023,Bihar,East,IN-BR,Regional Rural Banks,128.5,166.71,98.48,37.05,353.3,118.66
2024,Bihar,East,IN-BR,Public Sector Banks,128.5,929.02,569.39,219.41,379.79,661.28
2024,Bihar,East,IN-BR,Private Sector Banks,128.5,709.71,419.29,133.11,379.79,505.18
2024,Bihar,East,IN-BR,Regional Rural Banks,128.5,176.19,109.18,46.18,379.79,125.41
2017,Delhi,North,IN-DL,Public Sector Banks,20.6,97.81,82.01,33.18,47.54,83.88
2017,Delhi,North,IN-DL,Private Sector Banks,20.6,115.6,101.99,29.0,47.54,99.14
2017,Delhi,North,IN-DL,Regional Rural Banks,20.6,13.95,12.07,4.88,47.54,11.97
2018,Delhi,North,IN-DL,Public Sector Banks,20.6,107.42,90.89,34.69,51.11,92.12
2018,Delhi,North,IN-DL,Private Sector Banks,20.6,127.38,110.25,31.34,51.11,109.24
2018,Delhi,North,IN-DL,Regional Rural Banks,20.6,14.7,12.66,5.03,51.11,12.61
2019,Delhi,North,IN-DL,Public Sector Banks,20.6,116.83,103.72,42.44,54.94,100.19
2019,Delhi,North,IN-DL,Private Sector Banks,20.6,141.88,123.93,37.41,54.94,121.68
2019,Delhi,North,IN-DL,Regional Rural Banks,20.6,16.11,14.59,6.07,54.94,13.81
2020,Delhi,North,IN-DL,Public Sector Banks,20.6,123.67,114.34,47.17,59.06,106.06
2020,Delhi,North,IN-DL,Private Sector Banks,20.6,165.79,152.7,43.8,59.06,142.19
2020,Delhi,North,IN-DL,Regional Rural Banks,20.6,17.73,15.67,6.04,59.06,15.2
2021,Delhi,North,IN-DL,Public Sector Banks,20.6,138.17,124.77,52.14,63.49,118.5
2021,Delhi,North,IN-DL,Private Sector Banks,20.6,182.05,171.49,48.25,63.49,156.13
2021,Delhi,North,IN-DL,Regional Rural Banks,20.6,20.1,18.55,7.21,63.49,17.24
2022,Delhi,North,IN-DL,Public Sector Banks,20.6,151.59,145.75,57.34,68.26,130.0
2022,Delhi,North,IN-DL,Private Sector Banks,20.6,190.77,180.04,52.74,68.26,163.61
2022,Delhi,North,IN-DL,Regional Rural Banks,20.6,22.74,20.98,8.47,68.26,19.51
2023,Delhi,North,IN-DL,Public Sector Banks,20.6,174.17,164.67,62.77,73.38,149.37
2023,Delhi,North,IN-DL,Private Sector Banks,20.6,203.36,194.79,55.11,73.38,174.4
2023,Delhi,North,IN-DL,Regional Rural Banks,20.6,23.54,22.16,8.65,73.38,20.19
2024,Delhi,North,IN-DL,Public Sector Banks,20.6,180.39,170.53,69.74,78.88,154.7
2024,Delhi,North,IN-DL,Private Sector Banks,20.6,222.06,212.18,66.1,78.88,190.44
2024,Delhi,North,IN-DL,Regional Rural Banks,20.6,25.77,25.65,9.8,78.88,22.1
2017,Punjab,North,IN-PB,Public Sector Banks,30.7,144.01,101.83,41.68,62.08,112.09
2017,Punjab,North,IN-PB,Private Sector Banks,30.7,113.13,79.29,22.36,62.08,88.06
2017,Punjab,North,IN-PB,Regional Rural Banks,30.7,29.07,21.38,8.72,62.08,22.63
2018,Punjab,North,IN-PB,Public Sector Banks,30.7,168.38,127.54,50.98,66.73,131.07
2018,Punjab,North,IN-PB,Private Sector Banks,30.7,123.43,86.89,27.64,66.73,96.08
2018,Punjab,North,IN-PB,Regional Rural Banks,30.7,29.91,20.93,8.12,66.73,23.28
2019,Punjab,North,IN-PB,Public Sector Banks,30.7,176.49,133.43,50.59,71.74,137.38
2019,Punjab,North,IN-PB,Private Sector Banks,30.7,133.55,99.53,29.31,71.74,103.95
2019,Punjab,North,IN-PB,Regional Rural Banks,30.7,35.26,25.18,9.55,71.74,27.45
2020,Punjab,North,IN-PB,Public Sector Banks,30.7,187.89,144.94,59.44,77.12,146.26
2020,Punjab,North,IN-PB,Private Sector Banks,30.7,137.4,106.65,30.76,77.12,106.95
2020,Punjab,North,IN-PB,Regional Rural Banks,30.7,38.12,29.08,11.02,77.12,29.67
2021,Punjab,North,IN-PB,Public Sector Banks,30.7,205.2,159.59,65.61,82.9,159.73
2021,Punjab,North,IN-PB,Private Sector Banks,30.7,153.85,115.41,37.11,82.9,119.76
2021,Punjab,North,IN-PB,Regional Rural Banks,30.7,40.61,31.97,12.42,82.9,31.61
2022,Punjab,North,IN-PB,Public Sector Banks,30.7,242.76,198.43,75.1,89.12,188.96
2022,Punjab,North,IN-PB,Private Sector Banks,30.7,165.51,131.09,38.04,89.12,128.83
2022,Punjab,North,IN-PB,Regional Rural Banks,30.7,46.36,37.31,14.45,89.12,36.09
2023,Punjab,North,IN-PB,Public Sector Banks,30.7,264.84,204.05,83.23,95.8,206.15
2023,Punjab,North,IN-PB,Private Sector Banks,30.7,178.69,149.24,46.35,95.8,139.09
2023,Punjab,North,IN-PB,Regional Rural Banks,30.7,51.03,39.6,15.04,95.8,39.72
2024,Punjab,North,IN-PB,Public Sector Banks,30.7,271.87,218.14,85.24,102.99,211.62
2024,Punjab,North,IN-PB,Private Sector Banks,30.7,198.05,165.59,50.38,102.99,154.16
2024,Punjab,North,IN-PB,Regional Rural Banks,30.7,52.14,42.0,16.31,102.99,40.59
2017,Haryana,North,IN-HR,Public Sector Banks,29.8,151.36,108.21,41.07,61.03,118.91
2017,Haryana,North,IN-HR,Private Sector Banks,29.8,102.87,74.05,22.04,61.03,80.81
2017,Haryana,North,IN-HR,Regional Rural Banks,29.8,29.09,22.04,8.41,61.03,22.86
2018,Haryana,North,IN-HR,Public Sector Banks,29.8,165.28,117.35,44.39,65.61,129.84
2018,Haryana,North,IN-HR,Private Sector Banks,29.8,112.68,83.22,23.58,65.61,88.52
2018,Haryana,North,IN-HR,Regional Rural Banks,29.8,30.13,21.72,8.45,65.61,23.67
2019,Haryana,North,IN-HR,Public Sector Banks,29.8,176.72,128.58,50.01,70.53,138.83
2019,Haryana,North,IN-HR,Private Sector Banks,29.8,131.95,103.97,32.66,70.53,103.66
2019,Haryana,North,IN-HR,Regional Rural Banks,29.8,32.86,24.46,9.44,70.53,25.82
2020,Haryana,North,IN-HR,Public Sector Banks,29.8,201.11,161.27,61.28,75.82,157.99
2020,Haryana,North,IN-HR,Private Sector Banks,29.8,137.13,108.83,34.27,75.82,107.73
2020,Haryana,North,IN-HR,Regional Rural Banks,29.8,37.67,30.06,11.32,75.82,29.6
2021,Haryana,North,IN-HR,Public Sector Banks,29.8,217.83,171.12,66.82,81.5,171.12
2021,Haryana,North,IN-HR,Private Sector Banks,29.8,159.68,122.43,34.47,81.5,125.44
2021,Haryana,North,IN-HR,Regional Rural Banks,29.8,42.02,33.78,14.1,81.5,33.01
2022,Haryana,North,IN-HR,Public Sector Banks,29.8,226.38,176.0,67.39,87.62,177.84
2022,Haryana,North,IN-HR,Private Sector Banks,29.8,171.34,142.04,44.65,87.62,134.6
2022,Haryana,North,IN-HR,Regional Rural Banks,29.8,45.23,37.55,15.86,87.62,35.53
2023,Haryana,North,IN-HR,Public Sector Banks,29.8,262.74,209.65,84.55,94.19,206.41
2023,Haryana,North,IN-HR,Private Sector Banks,29.8,190.64,150.49,46.72,94.19,149.77
2023,Haryana,North,IN-HR,Regional Rural Banks,29.8,47.44,37.51,14.07,94.19,37.27
2024,Haryana,North,IN-HR,Public Sector Banks,29.8,277.07,223.1,89.01,101.25,217.67
2024,Haryana,North,IN-HR,Private Sector Banks,29.8,197.94,162.18,52.32,101.25,155.5
2024,Haryana,North,IN-HR,Regional Rural Banks,29.8,51.13,42.81,17.37,101.25,40.17
2017,Odisha,East,IN-OR,Public Sector Banks,46.3,189.4,99.37,38.21,85.49,138.22
2017,Odisha,East,IN-OR,Private Sector Banks,46.3,137.74,75.55,23.95,85.49,100.53
2017,Odisha,East,IN-OR,Regional Rural Banks,46.3,36.76,18.85,7.23,85.49,26.82
2018,Odisha,East,IN-OR,Public Sector Banks,46.3,217.4,115.7,46.54,91.9,158.66
2018,Odisha,East,IN-OR,Private Sector Banks,46.3,152.77,83.07,23.1,91.9,111.49
2018,Odisha,East,IN-OR,Regional Rural Banks,46.3,41.54,23.36,9.74,91.9,30.32
2019,Odisha,East,IN-OR,Public Sector Banks,46.3,233.33,127.5,53.57,98.8,170.29
2019,Odisha,East,IN-OR,Private Sector Banks,46.3,165.07,97.47,27.65,98.8,120.47
2019,Odisha,East,IN-OR,Regional Rural Banks,46.3,44.71,27.1,11.01,98.8,32.63
2020,Odisha,East,IN-OR,Public Sector Banks,46.3,252.79,145.98,56.76,106.21,184.48
2020,Odisha,East,IN-OR,Private Sector Banks,46.3,185.01,104.71,31.87,106.21,135.02
2020,Odisha,East,IN-OR,Regional Rural Banks,46.3,49.22,28.48,11.27,106.21,35.92
2021,Odisha,East,IN-OR,Public Sector Banks,46.3,281.08,173.26,65.31,114.17,205.14
2021,Odisha,East,IN-OR,Private Sector Banks,46.3,194.69,121.57,35.27,114.17,142.08
2021,Odisha,East,IN-OR,Regional Rural Banks,46.3,55.81,33.49,13.94,114.17,40.73
2022,Odisha,East,IN-OR,Public Sector Banks,46.3,310.29,197.24,82.52,122.74,226.45
2022,Odisha,East,IN-OR,Private Sector Banks,46.3,228.94,147.32,40.72,122.74,167.08
2022,Odisha,East,IN-OR,Regional Rural Banks,46.3,59.48,35.93,14.95,122.74,43.41
2023,Odisha,East,IN-OR,Public Sector Banks,46.3,321.84,211.73,85.61,131.94,234.88
2023,Odisha,East,IN-OR,Private Sector Banks,46.3,239.72,146.68,44.53,131.94,174.95
2023,Odisha,East,IN-OR,Regional Rural Banks,46.3,60.99,39.77,16.44,131.94,44.51
2024,Odisha,East,IN-OR,Public Sector Banks,46.3,371.48,236.32,100.04,141.84,271.1
2024,Odisha,East,IN-OR,Private Sector Banks,46.3,268.44,179.82,53.02,141.84,195.91
2024,Odisha,East,IN-OR,Regional Rural Banks,46.3,70.22,44.64,16.98,141.84,51.24
2017,Assam,North East,IN-AS,Public Sector Banks,35.7,146.1,71.27,27.26,62.9,103.2
2017,Assam,North East,IN-AS,Private Sector Banks,35.7,104.81,54.01,16.62,62.9,74.04
2017,Assam,North East,IN-AS,Regional Rural Banks,35.7,27.32,13.13,5.4,62.9,19.3
2018,Assam,North East,IN-AS,Public Sector Banks,35.7,158.57,85.32,35.73,67.62,112.01
2018,Assam,North East,IN-AS,Private Sector Banks,35.7,109.21,57.62,16.81,67.62,77.15
2018,Assam,North East,IN-AS,Regional Rural Banks,35.7,28.95,14.55,6.07,67.62,20.45
2019,Assam,North East,IN-AS,Public Sector Banks,35.7,167.63,93.0,36.65,72.69,118.42
2019,Assam,North East,IN-AS,Private Sector Banks,35.7,123.26,68.69,20.46,72.69,87.07
2019,Assam,North East,IN-AS,Regional Rural Banks,35.7,32.62,16.27,6.32,72.69,23.05
2020,Assam,North East,IN-AS,Public Sector Banks,35.7,184.55,102.35,40.44,78.14,130.37
2020,Assam,North East,IN-AS,Private Sector Banks,35.7,131.37,74.56,21.21,78.14,92.8
2020,Assam,North East,IN-AS,Regional Rural Banks,35.7,34.76,19.18,7.35,78.14,24.56
2021,Assam,North East,IN-AS,Public Sector Banks,35.7,206.0,122.18,47.91,84.01,145.52
2021,Assam,North East,IN-AS,Private Sector Banks,35.7,141.95,81.71,23.01,84.01,100.27
2021,Assam,North East,IN-AS,Regional Rural Banks,35.7,39.58,21.57,8.67,84.01,27.96
2022,Assam,North East,IN-AS,Public Sector Banks,35.7,215.34,122.34,49.23,90.31,152.12
2022,Assam,North East,IN-AS,Private Sector Banks,35.7,160.86,90.23,27.55,90.31,113.63
2022,Assam,North East,IN-AS,Regional Rural Banks,35.7,40.25,22.39,8.62,90.31,28.43
2023,Assam,North East,IN-AS,Public Sector Banks,35.7,236.37,135.18,57.0,97.08,166.97
2023,Assam,North East,IN-AS,Private Sector Banks,35.7,167.36,94.43,28.38,97.08,118.22
2023,Assam,North East,IN-AS,Regional Rural Banks,35.7,45.32,25.6,9.82,97.08,32.02
2024,Assam,North East,IN-AS,Public Sector Banks,35.7,263.63,151.95,63.46,104.36,186.23
2024,Assam,North East,IN-AS,Private Sector Banks,35.7,181.44,113.65,32.29,104.36,128.17
2024,Assam,North East,IN-AS,Regional Rural Banks,35.7,50.21,31.39,11.95,104.36,35.47
